Institution Name,Province/Territory,FY Start,Domestic Enrolment,International Enrolment,Francophone,% International
AB Total,Alberta,2020,153111,22641,0,12.88
AB Total,Alberta,2021,154866,24393,0,13.61
AB Total,Alberta,2022,153546,29148,0,15.95
AB Total,Alberta,2023,157794,35928,0,18.55
Alberta U of the Arts,Alberta,2020,972,90,0,8.47
Alberta U of the Arts,Alberta,2021,978,72,0,6.86
Alberta U of the Arts,Alberta,2022,1011,102,0,9.16
Alberta U of the Arts,Alberta,2023,1089,96,0,8.1
Ambrose U,Alberta,2020,555,24,0,4.15
Ambrose U,Alberta,2021,516,15,0,2.82
Ambrose U,Alberta,2022,486,27,0,5.26
Ambrose U,Alberta,2023,495,39,0,7.3
Athabasca U,Alberta,2020,7656,246,0,3.11
Athabasca U,Alberta,2021,7257,144,0,1.95
Athabasca U,Alberta,2022,7083,189,0,2.6
Athabasca U,Alberta,2023,7074,237,0,3.24
Bow Valley College,Alberta,2020,4749,1506,0,24.08
Bow Valley College,Alberta,2021,4989,1503,0,23.15
Bow Valley College,Alberta,2022,5391,1992,0,26.98
Bow Valley College,Alberta,2023,5646,2460,0,30.35
Burman U,Alberta,2020,282,87,0,23.58
Burman U,Alberta,2021,264,69,0,20.72
Burman U,Alberta,2022,282,60,0,17.54
Burman U,Alberta,2023,252,69,0,21.5
Concordia U of Edmonton,Alberta,2020,2355,543,0,18.74
Concordia U of Edmonton,Alberta,2021,2298,438,0,16.01
Concordia U of Edmonton,Alberta,2022,2082,450,0,17.77
Concordia U of Edmonton,Alberta,2023,2019,489,0,19.5
Grant MacEwan U,Alberta,2020,13950,474,0,3.29
Grant MacEwan U,Alberta,2021,13758,522,0,3.66
Grant MacEwan U,Alberta,2022,13638,561,0,3.95
Grant MacEwan U,Alberta,2023,14352,747,0,4.95
Keyano College,Alberta,2020,831,90,0,9.77
Keyano College,Alberta,2021,942,126,0,11.8
Keyano College,Alberta,2022,882,279,0,24.03
Keyano College,Alberta,2023,927,747,0,44.62
Lakeland College,Alberta,2020,1602,174,0,9.8
Lakeland College,Alberta,2021,1737,126,0,6.76
Lakeland College,Alberta,2022,1854,141,0,7.07
Lakeland College,Alberta,2023,1908,198,0,9.4
Lethbridge College,Alberta,2020,3870,489,0,11.22
Lethbridge College,Alberta,2021,3837,423,0,9.93
Lethbridge College,Alberta,2022,3675,633,0,14.69
Lethbridge College,Alberta,2023,3546,1119,0,23.99
Medicine Hat College,Alberta,2020,1650,207,0,11.15
Medicine Hat College,Alberta,2021,1596,186,0,10.44
Medicine Hat College,Alberta,2022,1605,258,0,13.85
Medicine Hat College,Alberta,2023,1686,357,0,17.47
Mount Royal U,Alberta,2020,12309,312,0,2.47
Mount Royal U,Alberta,2021,12720,342,0,2.62
Mount Royal U,Alberta,2022,12684,429,0,3.27
Mount Royal U,Alberta,2023,13068,510,0,3.76
NorQuest College,Alberta,2020,4851,1158,0,19.27
NorQuest College,Alberta,2021,4971,1524,0,23.46
NorQuest College,Alberta,2022,5277,2070,0,28.17
NorQuest College,Alberta,2023,5304,3282,0,38.23
Northern Alberta Institute of Technology,Alberta,2020,9609,1689,0,14.95
Northern Alberta Institute of Technology,Alberta,2021,9615,1578,0,14.1
Northern Alberta Institute of Technology,Alberta,2022,8973,1998,0,18.21
Northern Alberta Institute of Technology,Alberta,2023,9363,2415,0,20.5
Northern Lakes College,Alberta,2020,1089,9,0,0.82
Northern Lakes College,Alberta,2021,1212,9,0,0.74
Northern Lakes College,Alberta,2022,1347,9,0,0.66
Northern Lakes College,Alberta,2023,1500,18,0,1.19
Northwestern Polytechnic,Alberta,2020,1335,144,0,9.74
Northwestern Polytechnic,Alberta,2021,1362,99,0,6.78
Northwestern Polytechnic,Alberta,2022,1305,132,0,9.19
Northwestern Polytechnic,Alberta,2023,1395,300,0,17.7
Olds College,Alberta,2020,1044,87,0,7.69
Olds College,Alberta,2021,1095,78,0,6.65
Olds College,Alberta,2022,1089,108,0,9.02
Olds College,Alberta,2023,1149,420,0,26.77
Portage College,Alberta,2020,765,0,0,0.0
Portage College,Alberta,2021,858,39,0,4.35
Portage College,Alberta,2022,1008,174,0,14.72
Portage College,Alberta,2023,1314,93,0,6.61
Red Deer Polytechnic,Alberta,2020,3204,168,0,4.98
Red Deer Polytechnic,Alberta,2021,3105,252,0,7.51
Red Deer Polytechnic,Alberta,2022,3090,474,0,13.3
Red Deer Polytechnic,Alberta,2023,3210,762,0,19.18
Southern Alberta Institute of Technology,Alberta,2020,8865,1830,0,17.11
Southern Alberta Institute of Technology,Alberta,2021,8868,1998,0,18.39
Southern Alberta Institute of Technology,Alberta,2022,8544,3021,0,26.12
Southern Alberta Institute of Technology,Alberta,2023,8904,5016,0,36.03
St. Mary's U,Alberta,2020,984,12,0,1.2
St. Mary's U,Alberta,2021,975,15,0,1.52
St. Mary's U,Alberta,2022,918,12,0,1.29
St. Mary's U,Alberta,2023,894,6,0,0.67
The King's U,Alberta,2020,729,81,0,10.0
The King's U,Alberta,2021,789,75,0,8.68
The King's U,Alberta,2022,699,84,0,10.73
The King's U,Alberta,2023,696,96,0,12.12
U of Alberta,Alberta,2020,32451,7806,0,19.39
U of Alberta,Alberta,2021,34113,8115,0,19.22
U of Alberta,Alberta,2022,34653,8361,0,19.44
U of Alberta,Alberta,2023,35523,8259,0,18.86
U of Calgary,Alberta,2020,29790,4953,0,14.26
U of Calgary,Alberta,2021,29115,6063,0,17.24
U of Calgary,Alberta,2022,28824,6825,0,19.14
U of Calgary,Alberta,2023,29676,7011,0,19.11
U of Lethbridge,Alberta,2020,7614,462,0,5.72
U of Lethbridge,Alberta,2021,7896,582,0,6.86
U of Lethbridge,Alberta,2022,7146,759,0,9.6
U of Lethbridge,Alberta,2023,6804,1182,0,14.8
BC Institute of Technology,British Columbia,2020,9348,3021,0,24.42
BC Institute of Technology,British Columbia,2021,8877,1860,0,17.32
BC Institute of Technology,British Columbia,2022,8700,1824,0,17.33
BC Institute of Technology,British Columbia,2023,9087,2331,0,20.42
BC Total,British Columbia,2020,126444,48921,0,27.9
BC Total,British Columbia,2021,125427,48252,0,27.78
BC Total,British Columbia,2022,123990,53589,0,30.18
BC Total,British Columbia,2023,126738,60648,0,32.37
Camosun College,British Columbia,2020,4680,1191,0,20.29
Camosun College,British Columbia,2021,4725,1083,0,18.65
Camosun College,British Columbia,2022,4482,1509,0,25.19
Camosun College,British Columbia,2023,4365,1971,0,31.11
Capilano U,British Columbia,2020,3306,2142,0,39.32
Capilano U,British Columbia,2021,3297,1650,0,33.35
Capilano U,British Columbia,2022,3213,2082,0,39.32
Capilano U,British Columbia,2023,3120,3900,0,55.56
Coast Mountain College,British Columbia,2020,273,258,0,48.59
Coast Mountain College,British Columbia,2021,243,312,0,56.22
Coast Mountain College,British Columbia,2022,246,387,0,61.14
Coast Mountain College,British Columbia,2023,234,489,0,67.63
College of New Caledonia,British Columbia,2020,1134,1260,0,52.63
College of New Caledonia,British Columbia,2021,1158,756,0,39.5
College of New Caledonia,British Columbia,2022,1095,825,0,42.97
College of New Caledonia,British Columbia,2023,1092,1386,0,55.93
College of the Rockies,British Columbia,2020,1125,264,0,19.01
College of the Rockies,British Columbia,2021,1041,180,0,14.74
College of the Rockies,British Columbia,2022,999,216,0,17.78
College of the Rockies,British Columbia,2023,1077,261,0,19.51
Douglas College,British Columbia,2020,6270,3222,0,33.94
Douglas College,British Columbia,2021,6078,3207,0,34.54
Douglas College,British Columbia,2022,6087,3534,0,36.73
Douglas College,British Columbia,2023,6027,3810,0,38.73
Emily Carr U of Art and Design,British Columbia,2020,1152,549,0,32.28
Emily Carr U of Art and Design,British Columbia,2021,1170,585,0,33.33
Emily Carr U of Art and Design,British Columbia,2022,1248,669,0,34.9
Emily Carr U of Art and Design,British Columbia,2023,1284,744,0,36.69
Justice Institute of BC,British Columbia,2020,567,321,0,36.15
Justice Institute of BC,British Columbia,2021,681,327,0,32.44
Justice Institute of BC,British Columbia,2022,636,372,0,36.9
Justice Institute of BC,British Columbia,2023,615,540,0,46.75
Kwantlen Polytechnic U,British Columbia,2020,6318,3225,0,33.79
Kwantlen Polytechnic U,British Columbia,2021,5760,4662,0,44.73
Kwantlen Polytechnic U,British Columbia,2022,5586,5703,0,50.52
Kwantlen Polytechnic U,British Columbia,2023,5712,5607,0,49.54
Langara College,British Columbia,2020,4212,3654,0,46.45
Langara College,British Columbia,2021,4101,3756,0,47.8
Langara College,British Columbia,2022,3927,4338,0,52.49
Langara College,British Columbia,2023,3996,4602,0,53.52
Nicola Valley Institute of Technology,British Columbia,2020,273,9,0,3.19
Nicola Valley Institute of Technology,British Columbia,2021,303,6,0,1.94
Nicola Valley Institute of Technology,British Columbia,2022,264,0,0,0.0
Nicola Valley Institute of Technology,British Columbia,2023,285,0,0,0.0
North Island College,British Columbia,2020,825,306,0,27.06
North Island College,British Columbia,2021,891,246,0,21.64
North Island College,British Columbia,2022,789,351,0,30.79
North Island College,British Columbia,2023,720,603,0,45.58
Northern Lights College,British Columbia,2020,351,453,0,56.34
Northern Lights College,British Columbia,2021,360,450,0,55.56
Northern Lights College,British Columbia,2022,360,540,0,60.0
Northern Lights College,British Columbia,2023,372,621,0,62.54
Okanagan College,British Columbia,2020,3264,1185,0,26.64
Okanagan College,British Columbia,2021,3483,1014,0,22.55
Okanagan College,British Columbia,2022,3276,1227,0,27.25
Okanagan College,British Columbia,2023,2934,1857,0,38.76
Royal Roads U,British Columbia,2020,762,468,0,38.05
Royal Roads U,British Columbia,2021,816,417,0,33.82
Royal Roads U,British Columbia,2022,750,303,0,28.77
Royal Roads U,British Columbia,2023,684,396,0,36.67
Selkirk College,British Columbia,2020,807,567,0,41.27
Selkirk College,British Columbia,2021,795,570,0,41.76
Selkirk College,British Columbia,2022,750,561,0,42.79
Selkirk College,British Columbia,2023,744,678,0,47.68
Simon Fraser U,British Columbia,2020,12375,3411,0,21.61
Simon Fraser U,British Columbia,2021,11607,3276,0,22.01
Simon Fraser U,British Columbia,2022,12027,3480,0,22.44
Simon Fraser U,British Columbia,2023,12840,3438,0,21.12
Thompson Rivers U,British Columbia,2020,5820,3582,0,38.1
Thompson Rivers U,British Columbia,2021,5814,3660,0,38.63
Thompson Rivers U,British Columbia,2022,5583,4248,0,43.21
Thompson Rivers U,British Columbia,2023,5799,4893,0,45.76
U of BC,British Columbia,2020,36117,13287,0,26.89
U of BC,British Columbia,2021,36201,14010,0,27.9
U of BC,British Columbia,2022,36735,14472,0,28.26
U of BC,British Columbia,2023,37587,14379,0,27.67
U of Northern BC,British Columbia,2020,1893,282,0,12.97
U of Northern BC,British Columbia,2021,1866,306,0,14.09
U of Northern BC,British Columbia,2022,1842,348,0,15.89
U of Northern BC,British Columbia,2023,1731,465,0,21.17
U of Victoria,British Columbia,2020,13290,2883,0,17.83
U of Victoria,British Columbia,2021,13911,2862,0,17.06
U of Victoria,British Columbia,2022,13641,2745,0,16.75
U of Victoria,British Columbia,2023,14106,2532,0,15.22
U of the Fraser Valley,British Columbia,2020,6225,1692,0,21.37
U of the Fraser Valley,British Columbia,2021,6207,1170,0,15.86
U of the Fraser Valley,British Columbia,2022,5862,1515,0,20.54
U of the Fraser Valley,British Columbia,2023,6147,2103,0,25.49
Vancouver CC,British Columbia,2020,891,807,0,47.53
Vancouver CC,British Columbia,2021,1002,1023,0,50.52
Vancouver CC,British Columbia,2022,1041,1404,0,57.42
Vancouver CC,British Columbia,2023,1095,2205,0,66.82
Vancouver Island U,British Columbia,2020,5166,882,0,14.58
Vancouver Island U,British Columbia,2021,5040,864,0,14.63
Vancouver Island U,British Columbia,2022,4851,936,0,16.17
Vancouver Island U,British Columbia,2023,5085,837,0,14.13
Assiniboine CC,Manitoba,2020,1152,291,0,20.17
Assiniboine CC,Manitoba,2021,1122,333,0,22.89
Assiniboine CC,Manitoba,2022,1176,684,0,36.77
Assiniboine CC,Manitoba,2023,1200,1533,0,56.09
Booth U College,Manitoba,2020,186,27,0,12.68
Booth U College,Manitoba,2021,168,36,0,17.65
Booth U College,Manitoba,2022,168,36,0,17.65
Booth U College,Manitoba,2023,162,42,0,20.59
Brandon U,Manitoba,2020,2628,351,0,11.78
Brandon U,Manitoba,2021,2592,348,0,11.84
Brandon U,Manitoba,2022,2343,360,0,13.32
Brandon U,Manitoba,2023,2412,474,0,16.42
Canadian Mennonite U,Manitoba,2020,402,69,0,14.65
Canadian Mennonite U,Manitoba,2021,408,72,0,15.0
Canadian Mennonite U,Manitoba,2022,399,63,0,13.64
Canadian Mennonite U,Manitoba,2023,396,66,0,14.29
L'École Technique et Professionnelle,Manitoba,2020,144,75,1,34.25
L'École Technique et Professionnelle,Manitoba,2021,144,81,1,36.0
L'École Technique et Professionnelle,Manitoba,2022,150,81,1,35.06
L'École Technique et Professionnelle,Manitoba,2023,168,93,1,35.63
MB FR Total,Manitoba,2020,144,75,1,34.25
MB FR Total,Manitoba,2021,144,81,1,36.0
MB FR Total,Manitoba,2022,150,81,1,35.06
MB FR Total,Manitoba,2023,168,93,1,35.63
MB Total,Manitoba,2020,39435,9480,0,19.38
MB Total,Manitoba,2021,39273,10656,0,21.34
MB Total,Manitoba,2022,37965,10455,0,21.59
MB Total,Manitoba,2023,40113,13857,0,25.68
Manitoba Institute of Trades and Technology,Manitoba,2020,1593,0,0,0.0
Manitoba Institute of Trades and Technology,Manitoba,2021,1629,0,0,0.0
Manitoba Institute of Trades and Technology,Manitoba,2022,1665,0,0,0.0
Manitoba Institute of Trades and Technology,Manitoba,2023,1866,0,0,0.0
Providence U College and Theological Seminary,Manitoba,2020,246,54,0,18.0
Providence U College and Theological Seminary,Manitoba,2021,138,18,0,11.54
Providence U College and Theological Seminary,Manitoba,2022,174,36,0,17.14
Providence U College and Theological Seminary,Manitoba,2023,141,156,0,52.53
Red River College Polytechnic,Manitoba,2020,4830,1632,0,25.26
Red River College Polytechnic,Manitoba,2021,5808,2220,0,27.65
Red River College Polytechnic,Manitoba,2022,4980,1761,0,26.12
Red River College Polytechnic,Manitoba,2023,6396,3507,0,35.41
Steinbach Bible College,Manitoba,2020,81,12,0,12.9
Steinbach Bible College,Manitoba,2021,72,12,0,14.29
Steinbach Bible College,Manitoba,2022,66,6,0,8.33
Steinbach Bible College,Manitoba,2023,69,6,0,8.0
U College of the North,Manitoba,2020,288,0,0,0.0
U College of the North,Manitoba,2021,180,0,0,0.0
U College of the North,Manitoba,2022,186,0,0,0.0
U College of the North,Manitoba,2023,168,0,0,0.0
U of Manitoba,Manitoba,2020,20742,5778,0,21.79
U of Manitoba,Manitoba,2021,20343,6159,0,23.24
U of Manitoba,Manitoba,2022,20055,6111,0,23.35
U of Manitoba,Manitoba,2023,20637,6504,0,23.96
U of Winnipeg,Manitoba,2020,7287,1266,0,14.8
U of Winnipeg,Manitoba,2021,6813,1458,0,17.63
U of Winnipeg,Manitoba,2022,6753,1398,0,17.15
U of Winnipeg,Manitoba,2023,6666,1569,0,19.05
Collège Communautaire du Nouveau-Brunswick,New Brunswick,2020,1299,654,1,33.49
Collège Communautaire du Nouveau-Brunswick,New Brunswick,2021,1284,714,1,35.74
Collège Communautaire du Nouveau-Brunswick,New Brunswick,2022,1086,966,1,47.08
Collège Communautaire du Nouveau-Brunswick,New Brunswick,2023,1104,1089,1,49.66
Maritime College of Forest Technology,New Brunswick,2020,132,3,0,2.22
Maritime College of Forest Technology,New Brunswick,2021,132,3,0,2.22
Maritime College of Forest Technology,New Brunswick,2022,120,0,0,0.0
Maritime College of Forest Technology,New Brunswick,2023,123,3,0,2.38
Mount Allison U,New Brunswick,2020,1851,258,0,12.23
Mount Allison U,New Brunswick,2021,1869,288,0,13.35
Mount Allison U,New Brunswick,2022,1815,297,0,14.06
Mount Allison U,New Brunswick,2023,1932,351,0,15.37
NB FR Total,New Brunswick,2020,4998,1416,1,22.08
NB FR Total,New Brunswick,2021,4911,1728,1,26.03
NB FR Total,New Brunswick,2022,4602,2319,1,33.51
NB FR Total,New Brunswick,2023,4440,2889,1,39.42
NB Total,New Brunswick,2020,13491,2292,0,14.52
NB Total,New Brunswick,2021,13611,2973,0,17.93
NB Total,New Brunswick,2022,13482,3972,0,22.76
NB Total,New Brunswick,2023,13617,5238,0,27.78
New Brunswick CC,New Brunswick,2020,3282,747,0,18.54
New Brunswick CC,New Brunswick,2021,3312,1023,0,23.6
New Brunswick CC,New Brunswick,2022,3537,1662,0,31.97
New Brunswick CC,New Brunswick,2023,3477,2391,0,40.75
New Brunswick College of Craft and Design,New Brunswick,2020,222,9,0,3.9
New Brunswick College of Craft and Design,New Brunswick,2021,207,27,0,11.54
New Brunswick College of Craft and Design,New Brunswick,2022,189,36,0,16.0
New Brunswick College of Craft and Design,New Brunswick,2023,198,36,0,15.38
St. Thomas U,New Brunswick,2020,1608,174,0,9.76
St. Thomas U,New Brunswick,2021,1506,159,0,9.55
St. Thomas U,New Brunswick,2022,1374,165,0,10.72
St. Thomas U,New Brunswick,2023,1398,174,0,11.07
U de Moncton,New Brunswick,2020,3699,762,1,17.08
U de Moncton,New Brunswick,2021,3627,1014,1,21.85
U de Moncton,New Brunswick,2022,3516,1353,1,27.79
U de Moncton,New Brunswick,2023,3336,1800,1,35.05
U of New Brunswick,New Brunswick,2020,6396,1101,0,14.69
U of New Brunswick,New Brunswick,2021,6585,1473,0,18.28
U of New Brunswick,New Brunswick,2022,6447,1812,0,21.94
U of New Brunswick,New Brunswick,2023,6489,2283,0,26.03
College of the North Atlantic,Newfoundland and Labrador,2020,3804,393,0,9.36
College of the North Atlantic,Newfoundland and Labrador,2021,3687,300,0,7.52
College of the North Atlantic,Newfoundland and Labrador,2022,4629,363,0,7.27
College of the North Atlantic,Newfoundland and Labrador,2023,3729,624,0,14.33
Memorial U of Newfoundland,Newfoundland and Labrador,2020,12267,3306,0,21.23
Memorial U of Newfoundland,Newfoundland and Labrador,2021,12747,3015,0,19.13
Memorial U of Newfoundland,Newfoundland and Labrador,2022,11517,4425,0,27.76
Memorial U of Newfoundland,Newfoundland and Labrador,2023,11202,5229,0,31.82
NL Total,Newfoundland and Labrador,2020,16071,3699,0,18.71
NL Total,Newfoundland and Labrador,2021,16434,3315,0,16.79
NL Total,Newfoundland and Labrador,2022,16146,4788,0,22.87
NL Total,Newfoundland and Labrador,2023,14931,5853,0,28.16
Acadia U,Nova Scotia,2020,2991,435,0,12.7
Acadia U,Nova Scotia,2021,3123,390,0,11.1
Acadia U,Nova Scotia,2022,3171,411,0,11.47
Acadia U,Nova Scotia,2023,3087,489,0,13.67
Atlantic School of Theology,Nova Scotia,2020,36,3,0,7.69
Atlantic School of Theology,Nova Scotia,2021,33,0,0,0.0
Atlantic School of Theology,Nova Scotia,2022,18,6,0,25.0
Atlantic School of Theology,Nova Scotia,2023,24,3,0,11.11
Cape Breton U,Nova Scotia,2020,1413,1917,0,57.57
Cape Breton U,Nova Scotia,2021,1614,1554,0,49.05
Cape Breton U,Nova Scotia,2022,1428,3330,0,69.99
Cape Breton U,Nova Scotia,2023,1578,5814,0,78.65
Dalhousie U,Nova Scotia,2020,12960,4272,0,24.79
Dalhousie U,Nova Scotia,2021,13620,4170,0,23.44
Dalhousie U,Nova Scotia,2022,13809,4344,0,23.93
Dalhousie U,Nova Scotia,2023,14202,4008,0,22.01
Mount Saint Vincent U,Nova Scotia,2020,1893,618,0,24.61
Mount Saint Vincent U,Nova Scotia,2021,1953,627,0,24.3
Mount Saint Vincent U,Nova Scotia,2022,1812,600,0,24.88
Mount Saint Vincent U,Nova Scotia,2023,1788,669,0,27.23
NS FR Total,Nova Scotia,2020,318,117,1,26.9
NS FR Total,Nova Scotia,2021,297,111,1,27.21
NS FR Total,Nova Scotia,2022,321,147,1,31.41
NS FR Total,Nova Scotia,2023,276,126,1,31.34
NS Total,Nova Scotia,2020,36657,10299,0,21.93
NS Total,Nova Scotia,2021,37713,9777,0,20.59
NS Total,Nova Scotia,2022,37572,11658,0,23.68
NS Total,Nova Scotia,2023,38373,14253,0,27.08
NSCAD U,Nova Scotia,2020,471,186,0,28.31
NSCAD U,Nova Scotia,2021,534,147,0,21.59
NSCAD U,Nova Scotia,2022,576,147,0,20.33
NSCAD U,Nova Scotia,2023,531,114,0,17.67
Nova Scotia CC (NSCC),Nova Scotia,2020,8433,732,0,7.99
Nova Scotia CC (NSCC),Nova Scotia,2021,7896,702,0,8.16
Nova Scotia CC (NSCC),Nova Scotia,2022,7959,930,0,10.46
Nova Scotia CC (NSCC),Nova Scotia,2023,8460,1173,0,12.18
Saint Mary's U,Nova Scotia,2020,3837,1812,0,32.08
Saint Mary's U,Nova Scotia,2021,4020,1848,0,31.49
Saint Mary's U,Nova Scotia,2022,3975,1590,0,28.57
Saint Mary's U,Nova Scotia,2023,3966,1611,0,28.89
St. Francis Xavier U,Nova Scotia,2020,3840,282,0,6.84
St. Francis Xavier U,Nova Scotia,2021,4095,288,0,6.57
St. Francis Xavier U,Nova Scotia,2022,3987,258,0,6.08
St. Francis Xavier U,Nova Scotia,2023,3864,339,0,8.07
U Sainte-Anne,Nova Scotia,2020,318,117,1,26.9
U Sainte-Anne,Nova Scotia,2021,297,111,1,27.21
U Sainte-Anne,Nova Scotia,2022,321,147,1,31.41
U Sainte-Anne,Nova Scotia,2023,276,126,1,31.34
U of King's College,Nova Scotia,2020,783,42,0,5.09
U of King's College,Nova Scotia,2021,825,51,0,5.82
U of King's College,Nova Scotia,2022,837,42,0,4.78
U of King's College,Nova Scotia,2023,873,33,0,3.64
Algoma U,Ontario,2020,720,696,0,49.15
Algoma U,Ontario,2021,780,1662,0,68.06
Algoma U,Ontario,2022,741,2562,0,77.57
Algoma U,Ontario,2023,759,5760,0,88.36
Algonquin College,Ontario,2020,13608,2997,0,18.05
Algonquin College,Ontario,2021,13284,2565,0,16.18
Algonquin College,Ontario,2022,12996,3654,0,21.95
Algonquin College,Ontario,2023,12888,5994,0,31.74
Brock U,Ontario,2020,14694,2142,0,12.72
Brock U,Ontario,2021,14646,2046,0,12.26
Brock U,Ontario,2022,14658,2055,0,12.3
Brock U,Ontario,2023,14673,1962,0,11.79
Cambrian College,Ontario,2020,2799,3954,0,58.55
Cambrian College,Ontario,2021,2853,4074,0,58.81
Cambrian College,Ontario,2022,2601,4803,0,64.87
Cambrian College,Ontario,2023,2580,8370,0,76.44
Canadore College,Ontario,2020,1968,4653,0,70.28
Canadore College,Ontario,2021,1878,5565,0,74.77
Canadore College,Ontario,2022,1782,4956,0,73.55
Canadore College,Ontario,2023,1884,6219,0,76.75
Carleton U,Ontario,2020,21573,3501,0,13.96
Carleton U,Ontario,2021,20943,3492,0,14.29
Carleton U,Ontario,2022,20214,3513,0,14.81
Carleton U,Ontario,2023,20589,3387,0,14.13
Centennial College,Ontario,2020,8994,7347,0,44.96
Centennial College,Ontario,2021,8880,6906,0,43.75
Centennial College,Ontario,2022,8298,11559,0,58.21
Centennial College,Ontario,2023,8520,13890,0,61.98
Collège Boréal ,Ontario,2020,987,129,1,11.56
Collège Boréal ,Ontario,2021,885,171,1,16.19
Collège Boréal ,Ontario,2022,834,372,1,30.85
Collège Boréal ,Ontario,2023,870,696,1,44.44
Conestoga College,Ontario,2020,7878,7308,0,48.12
Conestoga College,Ontario,2021,8391,10821,0,56.32
Conestoga College,Ontario,2022,7788,14292,0,64.73
Conestoga College,Ontario,2023,8088,27786,0,77.45
Confederation College,Ontario,2020,2079,510,0,19.7
Confederation College,Ontario,2021,1908,567,0,22.91
Confederation College,Ontario,2022,1866,945,0,33.62
Confederation College,Ontario,2023,1935,1455,0,42.92
Durham College,Ontario,2020,8487,1398,0,14.14
Durham College,Ontario,2021,7788,1815,0,18.9
Durham College,Ontario,2022,7227,2259,0,23.81
Durham College,Ontario,2023,7890,3579,0,31.21
Fanshawe College,Ontario,2020,11733,5322,0,31.2
Fanshawe College,Ontario,2021,11127,5775,0,34.17
Fanshawe College,Ontario,2022,10386,8172,0,44.03
Fanshawe College,Ontario,2023,10983,12663,0,53.55
Fleming College,Ontario,2020,3240,1083,0,25.05
Fleming College,Ontario,2021,3105,999,0,24.34
Fleming College,Ontario,2022,2769,2019,0,42.17
Fleming College,Ontario,2023,3453,6573,0,65.56
George Brown College,Ontario,2020,12456,4332,0,25.8
George Brown College,Ontario,2021,11898,4518,0,27.52
George Brown College,Ontario,2022,10821,5391,0,33.25
George Brown College,Ontario,2023,11106,7770,0,41.16
Georgian College,Ontario,2020,6807,2856,0,29.56
Georgian College,Ontario,2021,6201,3315,0,34.84
Georgian College,Ontario,2022,5154,7584,0,59.54
Georgian College,Ontario,2023,5196,9558,0,64.78
Humber College,Ontario,2020,18003,5232,0,22.52
Humber College,Ontario,2021,16476,5760,0,25.9
Humber College,Ontario,2022,14733,7584,0,33.98
Humber College,Ontario,2023,14445,9588,0,39.9
La Cité collégiale ,Ontario,2020,3087,870,1,21.99
La Cité collégiale ,Ontario,2021,2892,1242,1,30.04
La Cité collégiale ,Ontario,2022,2580,1503,1,36.81
La Cité collégiale ,Ontario,2023,2571,2544,1,49.74
Lakehead U,Ontario,2020,5901,1161,0,16.44
Lakehead U,Ontario,2021,5850,1242,0,17.51
Lakehead U,Ontario,2022,5715,1338,0,18.97
Lakehead U,Ontario,2023,5697,1725,0,23.24
Lambton College,Ontario,2020,1968,6756,0,77.44
Lambton College,Ontario,2021,1809,10011,0,84.7
Lambton College,Ontario,2022,1794,11736,0,86.74
Lambton College,Ontario,2023,1863,11802,0,86.37
Laurentian U,Ontario,2020,6570,627,0,8.71
Laurentian U,Ontario,2021,5490,483,0,8.09
Laurentian U,Ontario,2022,5061,564,0,10.03
Laurentian U,Ontario,2023,4884,1359,0,21.77
Loyalist College,Ontario,2020,1719,1308,0,43.21
Loyalist College,Ontario,2021,1668,3753,0,69.23
Loyalist College,Ontario,2022,1602,5049,0,75.91
Loyalist College,Ontario,2023,1851,4773,0,72.06
McMaster U,Ontario,2020,29091,5685,0,16.35
McMaster U,Ontario,2021,29301,6345,0,17.8
McMaster U,Ontario,2022,29424,6618,0,18.36
McMaster U,Ontario,2023,29712,6468,0,17.88
Mohawk College,Ontario,2020,9045,2379,0,20.82
Mohawk College,Ontario,2021,8790,2037,0,18.81
Mohawk College,Ontario,2022,8172,3810,0,31.8
Mohawk College,Ontario,2023,7938,6723,0,45.86
Niagara College,Ontario,2020,5406,2109,0,28.06
Niagara College,Ontario,2021,5043,3432,0,40.5
Niagara College,Ontario,2022,4803,8523,0,63.96
Niagara College,Ontario,2023,4887,12894,0,72.52
Nipissing U,Ontario,2020,3735,51,0,1.35
Nipissing U,Ontario,2021,3855,81,0,2.06
Nipissing U,Ontario,2022,3654,129,0,3.41
Nipissing U,Ontario,2023,3717,324,0,8.02
Northern College,Ontario,2020,834,3648,0,81.39
Northern College,Ontario,2021,990,3138,0,76.02
Northern College,Ontario,2022,1119,4164,0,78.82
Northern College,Ontario,2023,804,5649,0,87.54
Northern Ontario School of Medicine U,Ontario,2020,456,0,0,0.0
Northern Ontario School of Medicine U,Ontario,2021,453,0,0,0.0
Northern Ontario School of Medicine U,Ontario,2022,468,0,0,0.0
Northern Ontario School of Medicine U,Ontario,2023,489,0,0,0.0
OCAD U,Ontario,2020,3114,1155,0,27.06
OCAD U,Ontario,2021,3138,1227,0,28.11
OCAD U,Ontario,2022,3246,1308,0,28.72
OCAD U,Ontario,2023,3369,1380,0,29.06
ON FR Total,Ontario,2020,4074,999,1,19.69
ON FR Total,Ontario,2021,3846,1590,1,29.25
ON FR Total,Ontario,2022,3489,2124,1,37.84
ON FR Total,Ontario,2023,3588,3615,1,50.19
ON Total,Ontario,2020,562254,171378,0,23.36
ON Total,Ontario,2021,555399,194145,0,25.9
ON Total,Ontario,2022,543183,234636,0,30.17
ON Total,Ontario,2023,555150,298107,0,34.94
Ontario Tech U,Ontario,2020,8958,774,0,7.95
Ontario Tech U,Ontario,2021,8985,1047,0,10.44
Ontario Tech U,Ontario,2022,8880,1212,0,12.01
Ontario Tech U,Ontario,2023,9483,1260,0,11.73
Queen's U,Ontario,2020,23097,3498,0,13.15
Queen's U,Ontario,2021,24462,3975,0,13.98
Queen's U,Ontario,2022,24942,4026,0,13.9
Queen's U,Ontario,2023,25713,3840,0,12.99
Ridgetown College,Ontario,2020,30,0,0,0.0
Ridgetown College,Ontario,2021,24,0,0,0.0
Ridgetown College,Ontario,2022,30,0,0,0.0
Sault College,Ontario,2020,1548,690,0,30.83
Sault College,Ontario,2021,1326,1851,0,58.26
Sault College,Ontario,2022,1152,2463,0,68.13
Sault College,Ontario,2023,1260,3438,0,73.18
Seneca College,Ontario,2020,13746,7893,0,36.48
Seneca College,Ontario,2021,13101,10839,0,45.28
Seneca College,Ontario,2022,11298,11346,0,50.11
Seneca College,Ontario,2023,11745,12465,0,51.49
Sheridan College,Ontario,2020,12336,5295,0,30.03
Sheridan College,Ontario,2021,11565,4362,0,27.39
Sheridan College,Ontario,2022,10935,5904,0,35.06
Sheridan College,Ontario,2023,11490,10107,0,46.8
St. Clair College,Ontario,2020,7419,4935,0,39.95
St. Clair College,Ontario,2021,6384,5757,0,47.42
St. Clair College,Ontario,2022,6678,5940,0,47.08
St. Clair College,Ontario,2023,6993,7830,0,52.82
St. Lawrence College,Ontario,2020,4731,4074,0,46.27
St. Lawrence College,Ontario,2021,4299,4023,0,48.34
St. Lawrence College,Ontario,2022,4032,6504,0,61.73
St. Lawrence College,Ontario,2023,4005,6795,0,62.92
Toronto Metropolitan U,Ontario,2020,30930,3072,0,9.03
Toronto Metropolitan U,Ontario,2021,30987,3555,0,10.29
Toronto Metropolitan U,Ontario,2022,29634,3444,0,10.41
Toronto Metropolitan U,Ontario,2023,30153,3663,0,10.83
Trent U,Ontario,2020,8628,1071,0,11.04
Trent U,Ontario,2021,8796,1320,0,13.05
Trent U,Ontario,2022,8982,1677,0,15.73
Trent U,Ontario,2023,9132,2793,0,23.42
U de Hearst,Ontario,2021,57,159,1,73.61
U de Hearst,Ontario,2022,60,168,1,73.68
U de Hearst,Ontario,2023,69,255,1,78.7
U de l'Ontario français,Ontario,2021,12,18,1,60.0
U de l'Ontario français,Ontario,2022,15,81,1,84.38
U de l'Ontario français,Ontario,2023,78,120,1,60.61
U of Guelph,Ontario,2020,25155,1677,0,6.25
U of Guelph,Ontario,2021,24417,1794,0,6.84
U of Guelph,Ontario,2022,25554,2010,0,7.29
U of Guelph,Ontario,2023,26007,2130,0,7.57
U of Ottawa-U d'Ottawa,Ontario,2020,31173,7896,0,20.21
U of Ottawa-U d'Ottawa,Ontario,2021,31899,8877,0,21.77
U of Ottawa-U d'Ottawa,Ontario,2022,31647,9708,0,23.47
U of Ottawa-U d'Ottawa,Ontario,2023,32175,9708,0,23.18
U of Toronto,Ontario,2020,63618,23439,0,26.92
U of Toronto,Ontario,2021,63078,25668,0,28.92
U of Toronto,Ontario,2022,62826,26856,0,29.95
U of Toronto,Ontario,2023,63942,27936,0,30.41
U of Waterloo,Ontario,2020,30198,8742,0,22.45
U of Waterloo,Ontario,2021,30582,8883,0,22.51
U of Waterloo,Ontario,2022,30702,8337,0,21.36
U of Waterloo,Ontario,2023,31158,7857,0,20.14
U of Windsor,Ontario,2020,11493,3576,0,23.73
U of Windsor,Ontario,2021,11442,4065,0,26.21
U of Windsor,Ontario,2022,11001,4941,0,30.99
U of Windsor,Ontario,2023,11169,5199,0,31.76
Western U,Ontario,2020,32463,5880,0,15.34
Western U,Ontario,2021,33963,5964,0,14.94
Western U,Ontario,2022,34998,5829,0,14.28
Western U,Ontario,2023,36447,5700,0,13.52
Wilfrid Laurier U,Ontario,2020,15858,1200,0,7.03
Wilfrid Laurier U,Ontario,2021,16491,1254,0,7.07
Wilfrid Laurier U,Ontario,2022,16656,1155,0,6.48
Wilfrid Laurier U,Ontario,2023,16854,1230,0,6.8
York U,Ontario,2020,37995,9456,0,19.93
York U,Ontario,2021,37053,9282,0,20.03
York U,Ontario,2022,36144,8697,0,19.4
York U,Ontario,2023,37224,8505,0,18.6
Collège de l'Île,Prince Edward Island,2020,15,12,1,44.44
Collège de l'Île,Prince Edward Island,2021,9,24,1,72.73
Collège de l'Île,Prince Edward Island,2022,3,42,1,93.33
Collège de l'Île,Prince Edward Island,2023,3,39,1,92.86
Holland College,Prince Edward Island,2020,1431,465,0,24.53
Holland College,Prince Edward Island,2021,1656,447,0,21.26
Holland College,Prince Edward Island,2022,1611,507,0,23.94
Holland College,Prince Edward Island,2023,1563,744,0,32.25
PEI FR Total,Prince Edward Island,2020,15,12,1,44.44
PEI FR Total,Prince Edward Island,2021,9,24,1,72.73
PEI FR Total,Prince Edward Island,2022,3,42,1,93.33
PEI FR Total,Prince Edward Island,2023,3,39,1,92.86
PEI Total,Prince Edward Island,2020,4590,1770,0,27.83
PEI Total,Prince Edward Island,2021,4995,1905,0,27.61
PEI Total,Prince Edward Island,2022,4983,2100,0,29.65
PEI Total,Prince Edward Island,2023,4941,2640,0,34.82
U of Prince Edward Island,Prince Edward Island,2020,3159,1305,0,29.23
U of Prince Edward Island,Prince Edward Island,2021,3339,1458,0,30.39
U of Prince Edward Island,Prince Edward Island,2022,3372,1593,0,32.08
U of Prince Edward Island,Prince Edward Island,2023,3378,1896,0,35.95
Bishop's U,Quebec,2020,2052,396,0,16.18
Bishop's U,Quebec,2021,1959,471,0,19.38
Bishop's U,Quebec,2022,2043,555,0,21.36
Bishop's U,Quebec,2023,2043,495,0,19.5
Campus Notre-Dame-de-Foy,Quebec,2020,1017,12,1,1.17
Campus Notre-Dame-de-Foy,Quebec,2021,1083,9,1,0.82
Campus Notre-Dame-de-Foy,Quebec,2022,1056,18,1,1.68
Campus Notre-Dame-de-Foy,Quebec,2023,1026,51,1,4.74
Champlain Regional College - Campus Saint-Lambert-Longueuil,Quebec,2020,5352,30,1,0.56
Champlain Regional College - Campus Saint-Lambert-Longueuil,Quebec,2021,5382,39,1,0.72
Champlain Regional College - Campus Saint-Lambert-Longueuil,Quebec,2022,5196,39,1,0.74
Champlain Regional College - Campus Saint-Lambert-Longueuil,Quebec,2023,5112,36,1,0.7
Collège André-Grasset,Quebec,2020,1323,72,1,5.16
Collège André-Grasset,Quebec,2021,1443,51,1,3.41
Collège André-Grasset,Quebec,2022,1419,69,1,4.64
Collège André-Grasset,Quebec,2023,1377,39,1,2.75
Collège Bart,Quebec,2020,273,9,1,3.19
Collège Bart,Quebec,2021,288,18,1,5.88
Collège Bart,Quebec,2022,282,15,1,5.05
Collège Bart,Quebec,2023,237,33,1,12.22
Collège Centennal / Centennial College,Quebec,2020,45,12,1,21.05
Collège Centennal / Centennial College,Quebec,2021,36,6,1,14.29
Collège Centennal / Centennial College,Quebec,2022,48,6,1,11.11
Collège Centennal / Centennial College,Quebec,2023,33,3,1,8.33
Collège Dawson,Quebec,2020,9153,237,1,2.52
Collège Dawson,Quebec,2021,8619,225,1,2.54
Collège Dawson,Quebec,2022,8253,210,1,2.48
Collège Dawson,Quebec,2023,8457,204,1,2.36
Collège Décarie,Quebec,2023,192,21,1,9.86
"Collège Ellis, campus de Drummondville",Quebec,2020,765,12,1,1.54
"Collège Ellis, campus de Drummondville",Quebec,2021,768,69,1,8.24
"Collège Ellis, campus de Drummondville",Quebec,2022,780,99,1,11.26
"Collège Ellis, campus de Drummondville",Quebec,2023,822,306,1,27.13
Collège Heritage / Heritage College,Quebec,2020,1251,15,0,1.18
Collège Heritage / Heritage College,Quebec,2021,1254,15,0,1.18
Collège Heritage / Heritage College,Quebec,2022,1257,15,0,1.18
Collège Heritage / Heritage College,Quebec,2023,1143,12,0,1.04
Collège Jean-de-Brébeuf,Quebec,2020,1623,21,1,1.28
Collège Jean-de-Brébeuf,Quebec,2021,1668,18,1,1.07
Collège Jean-de-Brébeuf,Quebec,2022,1626,18,1,1.09
Collège Jean-de-Brébeuf,Quebec,2023,1605,18,1,1.11
Collège LaSalle,Quebec,2020,2421,1314,1,35.18
Collège LaSalle,Quebec,2021,2484,975,1,28.19
Collège LaSalle,Quebec,2022,2532,957,1,27.43
Collège LaSalle,Quebec,2023,2307,1677,1,42.09
Collège Laflèche,Quebec,2020,1077,12,1,1.1
Collège Laflèche,Quebec,2021,1029,21,1,2.0
Collège Laflèche,Quebec,2022,1026,30,1,2.84
Collège Laflèche,Quebec,2023,1062,45,1,4.07
Collège Mérici,Quebec,2020,696,36,1,4.92
Collège Mérici,Quebec,2021,603,39,1,6.07
Collège Mérici,Quebec,2022,585,57,1,8.88
Collège Mérici,Quebec,2023,540,72,1,11.76
Collège O'Sullivan de Montréal inc,Quebec,2020,378,21,1,5.26
Collège O'Sullivan de Montréal inc,Quebec,2021,291,24,1,7.62
Collège O'Sullivan de Montréal inc,Quebec,2022,369,30,1,7.52
Collège O'Sullivan de Montréal inc,Quebec,2023,300,72,1,19.35
Collège O'Sullivan de Québec inc,Quebec,2020,297,21,1,6.6
Collège O'Sullivan de Québec inc,Quebec,2021,270,24,1,8.16
Collège O'Sullivan de Québec inc,Quebec,2022,348,33,1,8.66
Collège O'Sullivan de Québec inc,Quebec,2023,231,54,1,18.95
Collège Stanislas inc.,Quebec,2020,273,81,1,22.88
Collège Stanislas inc.,Quebec,2021,330,69,1,17.29
Collège Stanislas inc.,Quebec,2022,321,48,1,13.01
Collège Stanislas inc.,Quebec,2023,300,66,1,18.03
Collège TAV,Quebec,2020,825,207,1,20.06
Collège TAV,Quebec,2021,819,225,1,21.55
Collège TAV,Quebec,2022,765,381,1,33.25
Collège TAV,Quebec,2023,528,405,1,43.41
Collège Universel - Campus Gatineau,Quebec,2020,183,228,1,55.47
Collège Universel - Campus Gatineau,Quebec,2021,291,105,1,26.52
Collège Universel - Campus Gatineau,Quebec,2022,390,99,1,20.25
Collège Universel - Campus Gatineau,Quebec,2023,294,453,1,60.64
Collège Vanier / Vanier College,Quebec,2020,6996,249,0,3.44
Collège Vanier / Vanier College,Quebec,2021,6552,213,0,3.15
Collège Vanier / Vanier College,Quebec,2022,6468,231,0,3.45
Collège Vanier / Vanier College,Quebec,2023,6540,267,0,3.92
Collège d'Alma,Quebec,2020,1074,75,1,6.53
Collège d'Alma,Quebec,2021,1008,87,1,7.95
Collège d'Alma,Quebec,2022,1041,111,1,9.64
Collège d'Alma,Quebec,2023,1062,180,1,14.49
Collège international Marie de France,Quebec,2020,192,51,1,20.99
Collège international Marie de France,Quebec,2021,210,75,1,26.32
Collège international Marie de France,Quebec,2022,195,69,1,26.14
Collège international Marie de France,Quebec,2023,198,60,1,23.26
Collège international des Marcellines,Quebec,2020,12,0,1,0.0
Collégial international Sainte-Anne,Quebec,2020,339,21,1,5.83
Collégial international Sainte-Anne,Quebec,2021,387,36,1,8.51
Collégial international Sainte-Anne,Quebec,2022,408,42,1,9.33
Collégial international Sainte-Anne,Quebec,2023,465,33,1,6.63
Concordia U,Quebec,2020,21237,7206,0,25.33
Concordia U,Quebec,2021,21084,7410,0,26.01
Concordia U,Quebec,2022,20316,8163,0,28.66
Concordia U,Quebec,2023,20850,8064,0,27.89
Cégep André-Laurendeau,Quebec,2020,3156,81,1,2.5
Cégep André-Laurendeau,Quebec,2021,3042,117,1,3.7
Cégep André-Laurendeau,Quebec,2022,3021,156,1,4.91
Cégep André-Laurendeau,Quebec,2023,3045,189,1,5.84
Cégep Beauce-Appalaches,Quebec,2020,1746,66,1,3.64
Cégep Beauce-Appalaches,Quebec,2021,1767,117,1,6.21
Cégep Beauce-Appalaches,Quebec,2022,1755,105,1,5.65
Cégep Beauce-Appalaches,Quebec,2023,1740,150,1,7.94
Cégep François-Xavier Garneau,Quebec,2020,6384,69,1,1.07
Cégep François-Xavier Garneau,Quebec,2021,6081,96,1,1.55
Cégep François-Xavier Garneau,Quebec,2022,6009,135,1,2.2
Cégep François-Xavier Garneau,Quebec,2023,5964,192,1,3.12
Cégep Gérald-Godin,Quebec,2020,1398,9,1,0.64
Cégep Gérald-Godin,Quebec,2021,1515,24,1,1.56
Cégep Gérald-Godin,Quebec,2022,1401,36,1,2.51
Cégep Gérald-Godin,Quebec,2023,1374,51,1,3.58
Cégep John Abbott College,Quebec,2020,6933,87,0,1.24
Cégep John Abbott College,Quebec,2021,6840,93,0,1.34
Cégep John Abbott College,Quebec,2022,6840,99,0,1.43
Cégep John Abbott College,Quebec,2023,6822,93,0,1.34
Cégep Lionel-Groulx,Quebec,2020,5535,21,1,0.38
Cégep Lionel-Groulx,Quebec,2021,5604,18,1,0.32
Cégep Lionel-Groulx,Quebec,2022,5727,15,1,0.26
Cégep Lionel-Groulx,Quebec,2023,5733,39,1,0.68
Cégep Marie-Victorin,Quebec,2020,3843,210,1,5.18
Cégep Marie-Victorin,Quebec,2021,3804,336,1,8.12
Cégep Marie-Victorin,Quebec,2022,3618,345,1,8.71
Cégep Marie-Victorin,Quebec,2023,3666,492,1,11.83
Cégep Montmorency,Quebec,2020,8046,72,1,0.89
Cégep Montmorency,Quebec,2021,7974,72,1,0.89
Cégep Montmorency,Quebec,2022,7896,66,1,0.83
Cégep Montmorency,Quebec,2023,8142,111,1,1.34
Cégep Saint-Jean-sur-Richelieu,Quebec,2020,3336,24,1,0.71
Cégep Saint-Jean-sur-Richelieu,Quebec,2021,3294,36,1,1.08
Cégep Saint-Jean-sur-Richelieu,Quebec,2022,3264,45,1,1.36
Cégep Saint-Jean-sur-Richelieu,Quebec,2023,3411,96,1,2.74
Cégep d'Ahuntsic,Quebec,2020,7863,102,1,1.28
Cégep d'Ahuntsic,Quebec,2021,7722,114,1,1.45
Cégep d'Ahuntsic,Quebec,2022,7053,129,1,1.8
Cégep d'Ahuntsic,Quebec,2023,7035,180,1,2.49
Cégep de Baie-Comeau,Quebec,2020,555,120,1,17.78
Cégep de Baie-Comeau,Quebec,2021,612,126,1,17.07
Cégep de Baie-Comeau,Quebec,2022,705,153,1,17.83
Cégep de Baie-Comeau,Quebec,2023,735,189,1,20.45
Cégep de Bois-de-Boulogne,Quebec,2020,3630,48,1,1.31
Cégep de Bois-de-Boulogne,Quebec,2021,3864,75,1,1.9
Cégep de Bois-de-Boulogne,Quebec,2022,3915,72,1,1.81
Cégep de Bois-de-Boulogne,Quebec,2023,4038,99,1,2.39
Cégep de Chicoutimi,Quebec,2020,1974,153,1,7.19
Cégep de Chicoutimi,Quebec,2021,1914,192,1,9.12
Cégep de Chicoutimi,Quebec,2022,1815,225,1,11.03
Cégep de Chicoutimi,Quebec,2023,1842,297,1,13.88
Cégep de Drummondville,Quebec,2020,2412,24,1,0.99
Cégep de Drummondville,Quebec,2021,2388,36,1,1.49
Cégep de Drummondville,Quebec,2022,2340,63,1,2.62
Cégep de Drummondville,Quebec,2023,2418,144,1,5.62
Cégep de Granby,Quebec,2020,1863,21,1,1.11
Cégep de Granby,Quebec,2021,2022,36,1,1.75
Cégep de Granby,Quebec,2022,1890,51,1,2.63
Cégep de Granby,Quebec,2023,1794,156,1,8.0
Cégep de Jonquière,Quebec,2020,2799,243,1,7.99
Cégep de Jonquière,Quebec,2021,2901,294,1,9.2
Cégep de Jonquière,Quebec,2022,2787,324,1,10.41
Cégep de Jonquière,Quebec,2023,2868,471,1,14.11
Cégep de La Pocatière,Quebec,2020,957,54,1,5.34
Cégep de La Pocatière,Quebec,2021,888,78,1,8.07
Cégep de La Pocatière,Quebec,2022,888,99,1,10.03
Cégep de La Pocatière,Quebec,2023,879,132,1,13.06
Cégep de Lanaudière à Joliette,Quebec,2020,2133,9,1,0.42
Cégep de Lanaudière à Joliette,Quebec,2021,2034,9,1,0.44
Cégep de Lanaudière à Joliette,Quebec,2022,2001,9,1,0.45
Cégep de Lanaudière à Joliette,Quebec,2023,2037,51,1,2.44
Cégep de Lanaudière à L'Assomption,Quebec,2020,1878,12,1,0.63
Cégep de Lanaudière à L'Assomption,Quebec,2021,1785,15,1,0.83
Cégep de Lanaudière à L'Assomption,Quebec,2022,1695,12,1,0.7
Cégep de Lanaudière à L'Assomption,Quebec,2023,1845,15,1,0.81
Cégep de Lanaudière à Terrebonne,Quebec,2020,1986,6,1,0.3
Cégep de Lanaudière à Terrebonne,Quebec,2021,1851,6,1,0.32
Cégep de Lanaudière à Terrebonne,Quebec,2022,1791,6,1,0.33
Cégep de Lanaudière à Terrebonne,Quebec,2023,1812,9,1,0.49
Cégep de Limoilou,Quebec,2020,4209,186,1,4.23
Cégep de Limoilou,Quebec,2021,4143,225,1,5.15
Cégep de Limoilou,Quebec,2022,4011,276,1,6.44
Cégep de Limoilou,Quebec,2023,4176,399,1,8.72
Cégep de Lévis-Lauzon,Quebec,2020,2772,36,1,1.28
Cégep de Lévis-Lauzon,Quebec,2021,2697,57,1,2.07
Cégep de Lévis-Lauzon,Quebec,2022,2505,66,1,2.57
Cégep de Lévis-Lauzon,Quebec,2023,2685,126,1,4.48
Cégep de Maisonneuve,Quebec,2020,6234,108,1,1.7
Cégep de Maisonneuve,Quebec,2021,6384,129,1,1.98
Cégep de Maisonneuve,Quebec,2022,6513,114,1,1.72
Cégep de Maisonneuve,Quebec,2023,6447,192,1,2.89
Cégep de Matane,Quebec,2020,567,198,1,25.88
Cégep de Matane,Quebec,2021,582,207,1,26.24
Cégep de Matane,Quebec,2022,564,219,1,27.97
Cégep de Matane,Quebec,2023,537,222,1,29.25
Cégep de Rimouski,Quebec,2020,2523,51,1,1.98
Cégep de Rimouski,Quebec,2021,2445,63,1,2.51
Cégep de Rimouski,Quebec,2022,2283,99,1,4.16
Cégep de Rimouski,Quebec,2023,2211,174,1,7.3
Cégep de Rivière-du-Loup,Quebec,2020,909,90,1,9.01
Cégep de Rivière-du-Loup,Quebec,2021,858,150,1,14.88
Cégep de Rivière-du-Loup,Quebec,2022,858,180,1,17.34
Cégep de Rivière-du-Loup,Quebec,2023,891,174,1,16.34
Cégep de Rosemont,Quebec,2020,3657,75,1,2.01
Cégep de Rosemont,Quebec,2021,3663,117,1,3.1
Cégep de Rosemont,Quebec,2022,3348,138,1,3.96
Cégep de Rosemont,Quebec,2023,3243,180,1,5.26
Cégep de Saint-Félicien,Quebec,2020,936,228,1,19.59
Cégep de Saint-Félicien,Quebec,2021,855,303,1,26.17
Cégep de Saint-Félicien,Quebec,2022,789,363,1,31.51
Cégep de Saint-Félicien,Quebec,2023,891,402,1,31.09
Cégep de Saint-Hyacinthe,Quebec,2020,4572,30,1,0.65
Cégep de Saint-Hyacinthe,Quebec,2021,4479,36,1,0.8
Cégep de Saint-Hyacinthe,Quebec,2022,4449,60,1,1.33
Cégep de Saint-Hyacinthe,Quebec,2023,4419,141,1,3.09
Cégep de Saint-Jérôme,Quebec,2020,4878,27,1,0.55
Cégep de Saint-Jérôme,Quebec,2021,4686,24,1,0.51
Cégep de Saint-Jérôme,Quebec,2022,4527,24,1,0.53
Cégep de Saint-Jérôme,Quebec,2023,4497,66,1,1.45
Cégep de Saint-Laurent,Quebec,2020,3870,69,1,1.75
Cégep de Saint-Laurent,Quebec,2021,3828,87,1,2.22
Cégep de Saint-Laurent,Quebec,2022,3720,105,1,2.75
Cégep de Saint-Laurent,Quebec,2023,3882,174,1,4.29
Cégep de Sainte-Foy,Quebec,2020,6816,81,1,1.17
Cégep de Sainte-Foy,Quebec,2021,6621,96,1,1.43
Cégep de Sainte-Foy,Quebec,2022,6678,102,1,1.5
Cégep de Sainte-Foy,Quebec,2023,7035,111,1,1.55
Cégep de Sept-Îles,Quebec,2020,582,51,1,8.06
Cégep de Sept-Îles,Quebec,2021,576,51,1,8.13
Cégep de Sept-Îles,Quebec,2022,576,81,1,12.33
Cégep de Sept-Îles,Quebec,2023,579,87,1,13.06
Cégep de Shawinigan,Quebec,2020,1059,42,1,3.81
Cégep de Shawinigan,Quebec,2021,981,63,1,6.03
Cégep de Shawinigan,Quebec,2022,972,69,1,6.63
Cégep de Shawinigan,Quebec,2023,1050,114,1,9.79
Cégep de Sherbrooke,Quebec,2020,5439,117,1,2.11
Cégep de Sherbrooke,Quebec,2021,5241,1056,1,16.77
Cégep de Sherbrooke,Quebec,2022,5157,642,1,11.07
Cégep de Sherbrooke,Quebec,2023,5124,306,1,5.64
Cégep de Sorel-Tracy,Quebec,2020,1059,24,1,2.22
Cégep de Sorel-Tracy,Quebec,2021,1047,30,1,2.79
Cégep de Sorel-Tracy,Quebec,2022,1002,27,1,2.62
Cégep de Sorel-Tracy,Quebec,2023,1014,75,1,6.89
Cégep de Thetford,Quebec,2020,963,72,1,6.96
Cégep de Thetford,Quebec,2021,1059,63,1,5.61
Cégep de Thetford,Quebec,2022,1014,87,1,7.9
Cégep de Thetford,Quebec,2023,1059,126,1,10.63
Cégep de Trois-Rivières,Quebec,2020,3654,141,1,3.72
Cégep de Trois-Rivières,Quebec,2021,3639,192,1,5.01
Cégep de Trois-Rivières,Quebec,2022,3681,219,1,5.62
Cégep de Trois-Rivières,Quebec,2023,3633,387,1,9.63
Cégep de Valleyfield,Quebec,2020,2301,9,1,0.39
Cégep de Valleyfield,Quebec,2021,2367,3,1,0.13
Cégep de Valleyfield,Quebec,2022,2196,15,1,0.68
Cégep de Valleyfield,Quebec,2023,2247,66,1,2.85
Cégep de Victoriaville,Quebec,2020,1626,45,1,2.69
Cégep de Victoriaville,Quebec,2021,1716,93,1,5.14
Cégep de Victoriaville,Quebec,2022,1614,114,1,6.6
Cégep de Victoriaville,Quebec,2023,1689,159,1,8.6
Cégep de l'Abitibi-Témiscamingue,Quebec,2020,2058,72,1,3.38
Cégep de l'Abitibi-Témiscamingue,Quebec,2021,1917,54,1,2.74
Cégep de l'Abitibi-Témiscamingue,Quebec,2022,1827,117,1,6.02
Cégep de l'Abitibi-Témiscamingue,Quebec,2023,1869,234,1,11.13
Cégep de l'Outaouais,Quebec,2020,4758,27,1,0.56
Cégep de l'Outaouais,Quebec,2021,4821,33,1,0.68
Cégep de l'Outaouais,Quebec,2022,4737,72,1,1.5
Cégep de l'Outaouais,Quebec,2023,4797,102,1,2.08
Cégep de la Gaspésie et des Îles,Quebec,2020,942,1368,1,59.22
Cégep de la Gaspésie et des Îles,Quebec,2021,882,408,1,31.63
Cégep de la Gaspésie et des Îles,Quebec,2022,873,186,1,17.56
Cégep de la Gaspésie et des Îles,Quebec,2023,951,534,1,35.96
Cégep du Vieux Montréal,Quebec,2020,5973,213,1,3.44
Cégep du Vieux Montréal,Quebec,2021,5970,234,1,3.77
Cégep du Vieux Montréal,Quebec,2022,5772,240,1,3.99
Cégep du Vieux Montréal,Quebec,2023,5751,282,1,4.67
Cégep Édouard-Montpetit,Quebec,2020,7251,96,1,1.31
Cégep Édouard-Montpetit,Quebec,2021,7284,132,1,1.78
Cégep Édouard-Montpetit,Quebec,2022,7155,138,1,1.89
Cégep Édouard-Montpetit,Quebec,2023,7044,177,1,2.45
Institut Teccart inc.,Quebec,2020,513,294,1,36.43
Institut Teccart inc.,Quebec,2021,438,468,1,51.66
Institut Teccart inc.,Quebec,2022,372,789,1,67.96
Institut Teccart inc.,Quebec,2023,282,1713,1,85.86
Institut de tourisme et d'hôtellerie du Québec,Quebec,2020,432,27,1,5.88
Institut de tourisme et d'hôtellerie du Québec,Quebec,2021,402,24,1,5.63
Institut de tourisme et d'hôtellerie du Québec,Quebec,2022,333,18,1,5.13
Institut de tourisme et d'hôtellerie du Québec,Quebec,2023,366,21,1,5.43
Institut national de la recherche scientifique,Quebec,2020,234,441,1,65.33
Institut national de la recherche scientifique,Quebec,2021,240,495,1,67.35
Institut national de la recherche scientifique,Quebec,2022,222,474,1,68.1
Institut national de la recherche scientifique,Quebec,2023,198,483,1,70.93
Marianopolis College,Quebec,2020,1815,252,1,12.19
Marianopolis College,Quebec,2021,1782,225,1,11.21
Marianopolis College,Quebec,2022,1791,177,1,8.99
Marianopolis College,Quebec,2023,1749,126,1,6.72
McGill U,Quebec,2020,22617,10833,0,32.39
McGill U,Quebec,2021,22938,10551,0,31.51
McGill U,Quebec,2022,23319,10713,0,31.48
McGill U,Quebec,2023,23610,10680,0,31.15
QC FR Total,Quebec,2020,298749,31401,1,9.51
QC FR Total,Quebec,2021,292116,36336,1,11.06
QC FR Total,Quebec,2022,284733,40047,1,12.33
QC FR Total,Quebec,2023,285993,48360,1,14.46
QC Total,Quebec,2020,61086,18786,0,23.52
QC Total,Quebec,2021,60627,18753,0,23.62
QC Total,Quebec,2022,60243,19776,0,24.71
QC Total,Quebec,2023,61008,19611,0,24.33
Séminaire de Sherbrooke,Quebec,2020,408,6,1,1.45
Séminaire de Sherbrooke,Quebec,2021,504,6,1,1.18
Séminaire de Sherbrooke,Quebec,2022,555,6,1,1.07
Séminaire de Sherbrooke,Quebec,2023,549,6,1,1.08
Télé-université (Téluq),Quebec,2020,696,18,1,2.52
Télé-université (Téluq),Quebec,2021,714,33,1,4.42
Télé-université (Téluq),Quebec,2022,690,27,1,3.77
Télé-université (Téluq),Quebec,2023,816,45,1,5.23
U Laval,Quebec,2020,26757,3825,1,12.51
U Laval,Quebec,2021,26106,4143,1,13.7
U Laval,Quebec,2022,25659,5103,1,16.59
U Laval,Quebec,2023,25542,5766,1,18.42
U de Montréal,Quebec,2020,40311,8850,1,18.0
U de Montréal,Quebec,2021,39585,10383,1,20.78
U de Montréal,Quebec,2022,38646,11211,1,22.49
U de Montréal,Quebec,2023,38628,11871,1,23.51
U de Sherbrooke,Quebec,2020,15168,1179,1,7.21
U de Sherbrooke,Quebec,2021,14670,1608,1,9.88
U de Sherbrooke,Quebec,2022,14247,1797,1,11.2
U de Sherbrooke,Quebec,2023,14259,2037,1,12.5
U du Québec en Abitibi-Témiscamingue,Quebec,2020,1266,291,1,18.69
U du Québec en Abitibi-Témiscamingue,Quebec,2021,1245,369,1,22.86
U du Québec en Abitibi-Témiscamingue,Quebec,2022,1086,429,1,28.32
U du Québec en Abitibi-Témiscamingue,Quebec,2023,1137,483,1,29.81
U du Québec en Outaouais,Quebec,2020,3981,354,1,8.17
U du Québec en Outaouais,Quebec,2021,3564,417,1,10.47
U du Québec en Outaouais,Quebec,2022,3453,528,1,13.26
U du Québec en Outaouais,Quebec,2023,3399,738,1,17.84
U du Québec à Chicoutimi,Quebec,2020,3057,2232,1,42.2
U du Québec à Chicoutimi,Quebec,2021,3027,2625,1,46.44
U du Québec à Chicoutimi,Quebec,2022,2997,2532,1,45.79
U du Québec à Chicoutimi,Quebec,2023,3093,2811,1,47.61
U du Québec à Montréal,Quebec,2020,20337,3030,1,12.97
U du Québec à Montréal,Quebec,2021,17973,3294,1,15.49
U du Québec à Montréal,Quebec,2022,16770,3477,1,17.17
U du Québec à Montréal,Quebec,2023,16659,3411,1,17.0
U du Québec à Rimouski,Quebec,2020,2856,444,1,13.45
U du Québec à Rimouski,Quebec,2021,2808,549,1,16.35
U du Québec à Rimouski,Quebec,2022,2811,600,1,17.59
U du Québec à Rimouski,Quebec,2023,2826,909,1,24.34
U du Québec à Trois-Rivières,Quebec,2020,7494,1284,1,14.63
U du Québec à Trois-Rivières,Quebec,2021,7425,1677,1,18.42
U du Québec à Trois-Rivières,Quebec,2022,7236,1893,1,20.74
U du Québec à Trois-Rivières,Quebec,2023,7383,2649,1,26.41
École de Musique Vincent d'Indy,Quebec,2020,60,3,1,4.76
École de Musique Vincent d'Indy,Quebec,2021,57,3,1,5.0
École de Musique Vincent d'Indy,Quebec,2022,75,0,1,0.0
École de Musique Vincent d'Indy,Quebec,2023,78,0,1,0.0
École de sténographie judiciaire du Québec,Quebec,2020,21,0,1,0.0
École de sténographie judiciaire du Québec,Quebec,2021,27,0,1,0.0
École de technologie supérieure,Quebec,2020,4527,1410,1,23.75
École de technologie supérieure,Quebec,2021,4212,1992,1,32.11
École de technologie supérieure,Quebec,2022,4179,2514,1,37.56
École de technologie supérieure,Quebec,2023,4230,2769,1,39.56
École nationale d'administration publique,Quebec,2020,333,138,1,29.3
École nationale d'administration publique,Quebec,2021,480,153,1,24.17
École nationale d'administration publique,Quebec,2022,537,282,1,34.43
École nationale d'administration publique,Quebec,2023,513,579,1,53.02
École nationale de Cirque,Quebec,2020,63,51,1,44.74
École nationale de Cirque,Quebec,2021,45,54,1,54.55
École nationale de Cirque,Quebec,2022,42,60,1,58.82
École nationale de Cirque,Quebec,2023,39,42,1,51.85
Carlton Trail College,Saskatchewan,2020,414,3,0,0.72
Carlton Trail College,Saskatchewan,2021,426,6,0,1.39
Carlton Trail College,Saskatchewan,2022,438,6,0,1.35
Carlton Trail College,Saskatchewan,2023,495,6,0,1.2
Cumberland Regional College,Saskatchewan,2020,150,0,0,0.0
Cumberland Regional College,Saskatchewan,2021,153,0,0,0.0
Cumberland Regional College,Saskatchewan,2022,156,0,0,0.0
Cumberland Regional College,Saskatchewan,2023,174,0,0,0.0
Great Plains College,Saskatchewan,2020,9,0,0,0.0
Great Plains College,Saskatchewan,2021,9,0,0,0.0
Great Plains College,Saskatchewan,2022,12,0,0,0.0
Great Plains College,Saskatchewan,2023,15,0,0,0.0
Northlands College,Saskatchewan,2020,120,3,0,2.44
Northlands College,Saskatchewan,2021,120,0,0,0.0
Northlands College,Saskatchewan,2022,126,3,0,2.33
Northlands College,Saskatchewan,2023,144,0,0,0.0
Parkland College,Saskatchewan,2020,18,0,0,0.0
Parkland College,Saskatchewan,2021,21,0,0,0.0
Parkland College,Saskatchewan,2022,21,0,0,0.0
Parkland College,Saskatchewan,2023,24,0,0,0.0
SK Total,Saskatchewan,2020,35724,5778,0,13.92
SK Total,Saskatchewan,2021,35700,6024,0,14.44
SK Total,Saskatchewan,2022,35247,7035,0,16.64
SK Total,Saskatchewan,2023,35436,9279,0,20.75
Saskatchewan Polytechnic,Saskatchewan,2020,4191,906,0,17.78
Saskatchewan Polytechnic,Saskatchewan,2021,4860,1131,0,18.88
Saskatchewan Polytechnic,Saskatchewan,2022,4755,1782,0,27.26
Saskatchewan Polytechnic,Saskatchewan,2023,4242,2724,0,39.1
Southeast College,Saskatchewan,2020,1782,0,0,0.0
Southeast College,Saskatchewan,2021,1830,0,0,0.0
Southeast College,Saskatchewan,2022,1872,0,0,0.0
Southeast College,Saskatchewan,2023,2091,0,0,0.0
U of Regina,Saskatchewan,2020,10752,2574,0,19.32
U of Regina,Saskatchewan,2021,10122,2328,0,18.7
U of Regina,Saskatchewan,2022,9972,2544,0,20.33
U of Regina,Saskatchewan,2023,9939,3663,0,26.93
U of Saskatchewan,Saskatchewan,2020,18288,2292,0,11.14
U of Saskatchewan,Saskatchewan,2021,18159,2559,0,12.35
U of Saskatchewan,Saskatchewan,2022,17895,2700,0,13.11
U of Saskatchewan,Saskatchewan,2023,18312,2886,0,13.61
